feature,count,mean,std,min,25%,50%,75%,max,missing,correlation_with_default
annual_income,10000.0,78100.23990599999,41328.23349535145,18000.0,48986.895000000004,68243.315,96715.98,250000.0,0,-0.13251813063067563
debt_to_income_ratio,10000.0,0.2821621,0.10981129302397619,0.03,0.202,0.279,0.35924999999999996,0.648,0,0.2690923431038403
credit_utilization,10000.0,0.4176982,0.2307777639947043,0.01,0.244,0.405,0.579,1.0,0,0.34671236049423787
late_payments,10000.0,0.4751,0.7409688883410348,0.0,0.0,0.0,1.0,7.0,0,0.38953920831222566
credit_history_years,10000.0,10.177810000000001,5.888137703931697,0.5,5.8,9.1,13.4,35.0,0,-0.18026202683751305
loan_amount,10000.0,21571.777766,14615.036939191312,2000.0,10886.6325,18029.260000000002,27985.445,80000.0,0,-0.018624122682540222
interest_rate,10000.0,8.641042,2.4722672397551353,3.5,6.9,8.57,10.3025,18.26,0,0.3821788813263398
employment_years,10000.0,6.45273,4.318555260622921,0.0,3.3,5.5,8.7,30.0,0,-0.05348713005259685
default,10000.0,0.1786,0.3830361754079726,0.0,0.0,0.0,0.0,1.0,0,1.0
